jahr,kw,"substr(blv_name,1,3)",player_count
2019,52,NRW,446
2019,52,BAY,159
2019,52,BAW,142
2019,52,NIS,115
2019,52,HES,99
2019,52,SAC,67
2019,52,RHP,53
2019,52,BBB,50
2019,52,SLH,48
2019,52,HAM,47
2019,52,SAA,31
2019,52,RHL,28
2019,52,THÜ,27
2019,52,SAH,18
2019,52,BRE,18
2019,52,MVP,10
2020,1,NRW,394
2020,1,BAY,146
2020,1,BAW,131
2020,1,NIS,109
2020,1,HES,93
2020,1,SAC,63
2020,1,BBB,49
2020,1,SLH,47
2020,1,RHP,47
2020,1,HAM,46
2020,1,SAA,30
2020,1,THÜ,24
2020,1,RHL,23
2020,1,SAH,17
2020,1,BRE,17
2020,1,MVP,9
2020,2,NRW,394
2020,2,BAY,146
2020,2,BAW,131
2020,2,NIS,109
2020,2,SAC,106
2020,2,HES,93
2020,2,BBB,49
2020,2,SLH,47
2020,2,RHP,47
2020,2,HAM,46
2020,2,SAA,30
2020,2,THÜ,24
2020,2,RHL,23
2020,2,SAH,17
2020,2,BRE,17
2020,2,MVP,9
2020,3,NRW,397
2020,3,BAY,313
2020,3,NIS,226
2020,3,HES,225
2020,3,BAW,217
2020,3,RHP,154
2020,3,SAC,136
2020,3,SAA,95
2020,3,BBB,50
2020,3,SLH,47
2020,3,HAM,46
2020,3,THÜ,24
2020,3,RHL,23
2020,3,SAH,17
2020,3,BRE,17
2020,3,MVP,9
2020,4,NRW,399
2020,4,BAW,388
2020,4,NIS,360
2020,4,BAY,315
2020,4,HES,225
2020,4,SAC,162
2020,4,RHP,154
2020,4,SAA,96
2020,4,SAH,59
2020,4,BBB,57
2020,4,HAM,42
2020,4,SLH,41
2020,4,MVP,40
2020,4,THÜ,30
2020,4,RHL,24
2020,4,BRE,17
2020,5,BAW,405
2020,5,NRW,399
2020,5,NIS,378
2020,5,BAY,318
2020,5,HES,300
2020,5,SAC,169
2020,5,RHP,153
2020,5,SAA,96
2020,5,SAH,73
2020,5,BBB,57
2020,5,THÜ,48
2020,5,SLH,44
2020,5,HAM,42
2020,5,MVP,40
2020,5,RHL,24
2020,5,BRE,17
2020,6,NRW,754
2020,6,NIS,553
2020,6,BAY,427
2020,6,BAW,421
2020,6,HES,349
2020,6,SAC,169
2020,6,RHP,153
2020,6,SAA,97
2020,6,SAH,79
2020,6,THÜ,58
2020,6,BBB,55
2020,6,SLH,45
2020,6,HAM,44
2020,6,MVP,43
2020,6,RHL,26
2020,6,BRE,23
2020,7,NRW,961
2020,7,NIS,609
2020,7,BAW,537
2020,7,BAY,429
2020,7,HES,349
2020,7,SAC,197
2020,7,RHP,153
2020,7,SAA,97
2020,7,SAH,81
2020,7,THÜ,63
2020,7,BBB,54
2020,7,SLH,45
2020,7,HAM,44
2020,7,MVP,43
2020,7,RHL,26
2020,7,BRE,26
2020,8,NRW,948
2020,8,NIS,609
2020,8,BAW,537
2020,8,BAY,451
2020,8,HES,364
2020,8,SAC,197
2020,8,RHP,159
2020,8,SAA,95
2020,8,SAH,81
2020,8,THÜ,63
2020,8,BBB,54
2020,8,SLH,45
2020,8,HAM,44
2020,8,MVP,43
2020,8,BRE,26
2020,8,RHL,25
2020,9,NRW,948
2020,9,NIS,609
2020,9,BAW,536
2020,9,BAY,453
2020,9,HES,378
2020,9,SAC,200
2020,9,RHP,159
2020,9,SAH,110
2020,9,BBB,107
2020,9,THÜ,104
2020,9,SAA,95
2020,9,SLH,45
2020,9,HAM,44
2020,9,MVP,43
2020,9,BRE,26
2020,9,RHL,25
2020,10,NRW,992
2020,10,NIS,639
2020,10,HES,570
2020,10,BAW,538
2020,10,BAY,453
2020,10,RHP,205
2020,10,SAC,200
2020,10,BBB,189
2020,10,THÜ,125
2020,10,SAH,110
2020,10,SAA,95
2020,10,SLH,45
2020,10,HAM,44
2020,10,MVP,43
2020,10,BRE,26
2020,10,RHL,25
2020,11,NRW,992
2020,11,NIS,702
2020,11,HES,570
2020,11,BAW,538
2020,11,BAY,453
2020,11,SAC,269
2020,11,RHP,205
2020,11,BBB,190
2020,11,SLH,186
2020,11,SAH,129
2020,11,THÜ,125
2020,11,SAA,95
2020,11,RHL,52
2020,11,HAM,45
2020,11,MVP,43
2020,11,BRE,26
2020,12,NRW,992
2020,12,NIS,702
2020,12,HES,570
2020,12,BAW,538
2020,12,BAY,453
2020,12,SAC,269
2020,12,RHP,205
2020,12,BBB,190
2020,12,SLH,186
2020,12,SAH,129
2020,12,THÜ,125
2020,12,SAA,95
2020,12,RHL,52
2020,12,HAM,45
2020,12,MVP,43
2020,12,BRE,26
2020,13,NRW,992
2020,13,NIS,702
2020,13,HES,570
2020,13,BAW,538
2020,13,BAY,453
2020,13,SAC,269
2020,13,RHP,205
2020,13,BBB,190
2020,13,SLH,186
2020,13,SAH,129
2020,13,THÜ,125
2020,13,SAA,95
2020,13,RHL,52
2020,13,HAM,45
2020,13,MVP,43
2020,13,BRE,26
2020,14,NRW,992
2020,14,NIS,702
2020,14,HES,570
2020,14,BAW,538
2020,14,BAY,453
2020,14,SAC,269
2020,14,RHP,205
2020,14,BBB,190
2020,14,SLH,186
2020,14,SAH,129
2020,14,THÜ,125
2020,14,SAA,95
2020,14,RHL,52
2020,14,HAM,45
2020,14,MVP,43
2020,14,BRE,26
2020,15,NRW,992
2020,15,NIS,702
2020,15,HES,570
2020,15,BAW,538
2020,15,BAY,453
2020,15,SAC,269
2020,15,RHP,205
2020,15,BBB,190
2020,15,SLH,186
2020,15,SAH,129
2020,15,THÜ,125
2020,15,SAA,95
2020,15,RHL,52
2020,15,HAM,45
2020,15,MVP,43
2020,15,BRE,26
2020,16,NRW,992
2020,16,NIS,702
2020,16,HES,570
2020,16,BAW,538
2020,16,BAY,453
2020,16,SAC,269
2020,16,RHP,205
2020,16,BBB,191
2020,16,SLH,186
2020,16,SAH,130
2020,16,THÜ,125
2020,16,SAA,95
2020,16,RHL,52
2020,16,HAM,45
2020,16,MVP,43
2020,16,BRE,26
2020,17,NRW,992
2020,17,NIS,702
2020,17,HES,570
2020,17,BAW,538
2020,17,BAY,453
2020,17,SAC,269
2020,17,RHP,205
2020,17,BBB,191
2020,17,SLH,186
2020,17,SAH,130
2020,17,THÜ,125
2020,17,SAA,95
2020,17,RHL,52
2020,17,HAM,45
2020,17,MVP,43
2020,17,BRE,26
2020,18,NRW,992
2020,18,NIS,702
2020,18,HES,570
2020,18,BAW,538
2020,18,BAY,453
2020,18,SAC,269
2020,18,RHP,205
2020,18,BBB,191
2020,18,SLH,186
2020,18,SAH,130
2020,18,THÜ,125
2020,18,SAA,95
2020,18,RHL,52
2020,18,HAM,45
2020,18,MVP,43
2020,18,BRE,26
2020,19,NRW,992
2020,19,NIS,702
2020,19,HES,570
2020,19,BAW,538
2020,19,BAY,453
2020,19,SAC,269
2020,19,RHP,205
2020,19,BBB,191
2020,19,SLH,186
2020,19,SAH,130
2020,19,THÜ,125
2020,19,SAA,95
2020,19,RHL,52
2020,19,HAM,45
2020,19,MVP,43
2020,19,BRE,26
2020,20,NRW,992
2020,20,NIS,702
2020,20,HES,570
2020,20,BAW,538
2020,20,BAY,453
2020,20,SAC,269
2020,20,RHP,205
2020,20,BBB,191
2020,20,SLH,186
2020,20,SAH,130
2020,20,THÜ,125
2020,20,SAA,95
2020,20,RHL,52
2020,20,HAM,45
2020,20,MVP,43
2020,20,BRE,26
2020,21,NRW,992
2020,21,NIS,702
2020,21,HES,570
2020,21,BAW,538
2020,21,BAY,453
2020,21,SAC,269
2020,21,RHP,205
2020,21,BBB,191
2020,21,SLH,186
2020,21,SAH,130
2020,21,THÜ,125
2020,21,SAA,95
2020,21,RHL,52
2020,21,HAM,45
2020,21,MVP,43
2020,21,BRE,26
2020,22,NRW,992
2020,22,NIS,702
2020,22,HES,570
2020,22,BAW,538
2020,22,BAY,453
2020,22,SAC,269
2020,22,RHP,205
2020,22,BBB,191
2020,22,SLH,186
2020,22,SAH,130
2020,22,THÜ,125
2020,22,SAA,95
2020,22,RHL,52
2020,22,HAM,45
2020,22,MVP,43
2020,22,BRE,26
2020,23,NRW,992
2020,23,NIS,702
2020,23,HES,570
2020,23,BAW,538
2020,23,BAY,453
2020,23,SAC,269
2020,23,RHP,205
2020,23,BBB,191
2020,23,SLH,186
2020,23,SAH,130
2020,23,THÜ,125
2020,23,SAA,95
2020,23,RHL,52
2020,23,HAM,45
2020,23,MVP,43
2020,23,BRE,26
2020,24,NRW,992
2020,24,NIS,701
2020,24,HES,571
2020,24,BAW,537
2020,24,BAY,453
2020,24,SAC,269
2020,24,RHP,205
2020,24,BBB,191
2020,24,SLH,186
2020,24,SAH,130
2020,24,THÜ,125
2020,24,SAA,95
2020,24,RHL,52
2020,24,HAM,45
2020,24,MVP,43
2020,24,BRE,26
2020,25,NRW,992
2020,25,NIS,701
2020,25,HES,571
2020,25,BAW,537
2020,25,BAY,453
2020,25,SAC,269
2020,25,RHP,205
2020,25,BBB,191
2020,25,SLH,186
2020,25,SAH,130
2020,25,THÜ,125
2020,25,SAA,95
2020,25,RHL,52
2020,25,HAM,45
2020,25,MVP,43
2020,25,BRE,26
2020,26,NRW,992
2020,26,NIS,701
2020,26,HES,571
2020,26,BAW,537
2020,26,BAY,453
2020,26,SAC,269
2020,26,RHP,205
2020,26,BBB,191
2020,26,SLH,186
2020,26,SAH,130
2020,26,THÜ,125
2020,26,SAA,95
2020,26,RHL,52
2020,26,HAM,45
2020,26,MVP,43
2020,26,BRE,26
2020,27,NRW,992
2020,27,NIS,701
2020,27,HES,571
2020,27,BAW,544
2020,27,BAY,452
2020,27,SAC,269
2020,27,RHP,205
2020,27,BBB,191
2020,27,SLH,186
2020,27,SAH,130
2020,27,THÜ,125
2020,27,SAA,94
2020,27,RHL,52
2020,27,HAM,45
2020,27,MVP,43
2020,27,BRE,26
2020,28,NRW,993
2020,28,NIS,700
2020,28,HES,571
2020,28,BAW,544
2020,28,BAY,452
2020,28,SAC,268
2020,28,RHP,205
2020,28,BBB,191
2020,28,SLH,186
2020,28,SAH,130
2020,28,THÜ,125
2020,28,SAA,94
2020,28,RHL,52
2020,28,HAM,45
2020,28,MVP,43
2020,28,BRE,26
2020,29,NRW,993
2020,29,NIS,700
2020,29,HES,571
2020,29,BAW,544
2020,29,BAY,452
2020,29,SAC,268
2020,29,RHP,205
2020,29,BBB,191
2020,29,SLH,186
2020,29,SAH,130
2020,29,THÜ,125
2020,29,SAA,94
2020,29,RHL,52
2020,29,HAM,45
2020,29,MVP,43
2020,29,BRE,26
2020,30,NRW,993
2020,30,NIS,700
2020,30,HES,571
2020,30,BAW,544
2020,30,BAY,452
2020,30,SAC,268
2020,30,RHP,205
2020,30,BBB,191
2020,30,SLH,186
2020,30,SAH,130
2020,30,THÜ,125
2020,30,SAA,94
2020,30,RHL,52
2020,30,HAM,45
2020,30,MVP,43
2020,30,BRE,26
2020,31,NRW,994
2020,31,NIS,699
2020,31,HES,571
2020,31,BAW,543
2020,31,BAY,452
2020,31,SAC,268
2020,31,RHP,206
2020,31,BBB,191
2020,31,SLH,186
2020,31,SAH,130
2020,31,THÜ,125
2020,31,SAA,94
2020,31,RHL,52
2020,31,HAM,45
2020,31,MVP,43
2020,31,BRE,26
2020,32,NRW,992
2020,32,NIS,639
2020,32,HES,569
2020,32,BAW,538
2020,32,BAY,453
2020,32,RHP,205
2020,32,SAC,200
2020,32,BBB,189
2020,32,THÜ,125
2020,32,SAH,110
2020,32,SAA,95
2020,32,SLH,45
2020,32,HAM,44
2020,32,MVP,43
2020,32,BRE,26
2020,32,RHL,25
2020,33,NRW,994
2020,33,NIS,699
2020,33,HES,571
2020,33,BAW,543
2020,33,BAY,452
2020,33,SAC,268
2020,33,RHP,206
2020,33,BBB,191
2020,33,SLH,186
2020,33,SAH,130
2020,33,THÜ,125
2020,33,SAA,94
2020,33,RHL,52
2020,33,HAM,45
2020,33,MVP,43
2020,33,BRE,26
2020,34,NRW,993
2020,34,NIS,699
2020,34,HES,571
2020,34,BAW,543
2020,34,BAY,452
2020,34,SAC,268
2020,34,RHP,206
2020,34,BBB,191
2020,34,SLH,186
2020,34,SAH,130
2020,34,THÜ,125
2020,34,SAA,94
2020,34,RHL,53
2020,34,HAM,45
2020,34,MVP,43
2020,34,BRE,26
2020,35,NRW,993
2020,35,NIS,699
2020,35,HES,571
2020,35,BAW,543
2020,35,BAY,452
2020,35,SAC,268
2020,35,RHP,206
2020,35,BBB,191
2020,35,SLH,186
2020,35,SAH,130
2020,35,THÜ,125
2020,35,SAA,94
2020,35,RHL,53
2020,35,HAM,45
2020,35,MVP,43
2020,35,BRE,26
2020,36,NRW,993
2020,36,NIS,699
2020,36,HES,571
2020,36,BAW,543
2020,36,BAY,452
2020,36,SAC,268
2020,36,RHP,206
2020,36,BBB,191
2020,36,SLH,186
2020,36,SAH,130
2020,36,THÜ,125
2020,36,SAA,95
2020,36,RHL,53
2020,36,HAM,45
2020,36,MVP,43
2020,36,BRE,26
2020,37,NRW,1090
2020,37,NIS,698
2020,37,HES,571
2020,37,BAW,543
2020,37,BAY,452
2020,37,SAC,268
2020,37,RHP,206
2020,37,BBB,191
2020,37,SLH,187
2020,37,SAH,131
2020,37,THÜ,126
2020,37,SAA,95
2020,37,RHL,53
2020,37,HAM,44
2020,37,MVP,43
2020,37,BRE,27
2020,38,NRW,1091
2020,38,NIS,698
2020,38,HES,571
2020,38,BAW,543
2020,38,BAY,473
2020,38,SAC,288
2020,38,RHP,206
2020,38,BBB,193
2020,38,SLH,187
2020,38,THÜ,133
2020,38,SAH,132
2020,38,SAA,95
2020,38,MVP,84
2020,38,RHL,53
2020,38,HAM,44
2020,38,BRE,27
2020,39,NRW,1091
2020,39,NIS,698
2020,39,BAW,572
2020,39,HES,571
2020,39,BAY,473
2020,39,SAC,308
2020,39,SLH,243
2020,39,RHP,206
2020,39,BBB,192
2020,39,THÜ,133
2020,39,SAH,132
2020,39,SAA,115
2020,39,MVP,84
2020,39,RHL,53
2020,39,HAM,44
2020,39,BRE,27
2020,40,NRW,1091
2020,40,NIS,699
2020,40,BAW,574
2020,40,HES,572
2020,40,BAY,500
2020,40,SAC,410
2020,40,SLH,276
2020,40,RHP,206
2020,40,BBB,193
2020,40,THÜ,145
2020,40,SAH,132
2020,40,SAA,115
2020,40,MVP,102
2020,40,RHL,53
2020,40,HAM,45
2020,40,BRE,27
2020,41,NRW,1145
2020,41,NIS,699
2020,41,BAW,592
2020,41,HES,572
2020,41,BAY,501
2020,41,SAC,420
2020,41,SLH,276
2020,41,RHP,206
2020,41,BBB,193
2020,41,THÜ,145
2020,41,SAH,132
2020,41,SAA,115
2020,41,MVP,102
2020,41,RHL,53
2020,41,HAM,45
2020,41,BRE,27
2020,42,NRW,1145
2020,42,NIS,699
2020,42,BAW,592
2020,42,HES,575
2020,42,BAY,509
2020,42,SAC,420
2020,42,SLH,276
2020,42,RHP,206
2020,42,BBB,193
2020,42,THÜ,145
2020,42,SAH,145
2020,42,SAA,115
2020,42,MVP,102
2020,42,RHL,53
2020,42,HAM,45
2020,42,BRE,27
2020,43,NRW,1145
2020,43,NIS,699
2020,43,BAW,619
2020,43,HES,575
2020,43,BAY,509
2020,43,SAC,428
2020,43,SLH,276
2020,43,RHP,206
2020,43,BBB,193
2020,43,THÜ,145
2020,43,SAH,145
2020,43,SAA,115
2020,43,MVP,105
2020,43,RHL,53
2020,43,HAM,45
2020,43,BRE,27
2020,44,NRW,1145
2020,44,NIS,699
2020,44,BAW,619
2020,44,HES,575
2020,44,BAY,509
2020,44,SAC,428
2020,44,SLH,276
2020,44,RHP,206
2020,44,BBB,193
2020,44,THÜ,145
2020,44,SAH,145
2020,44,SAA,115
2020,44,MVP,105
2020,44,RHL,53
2020,44,HAM,45
2020,44,BRE,27
2020,45,NRW,1145
2020,45,NIS,699
2020,45,BAW,619
2020,45,HES,575
2020,45,BAY,509
2020,45,SAC,428
2020,45,SLH,276
2020,45,RHP,206
2020,45,BBB,193
2020,45,THÜ,145
2020,45,SAH,145
2020,45,SAA,115
2020,45,MVP,105
2020,45,RHL,53
2020,45,HAM,45
2020,45,BRE,27
2020,46,NRW,1145
2020,46,NIS,699
2020,46,BAW,619
2020,46,HES,575
2020,46,BAY,509
2020,46,SAC,428
2020,46,SLH,276
2020,46,RHP,206
2020,46,BBB,193
2020,46,THÜ,145
2020,46,SAH,145
2020,46,SAA,115
2020,46,MVP,105
2020,46,RHL,53
2020,46,HAM,45
2020,46,BRE,27
2020,47,NRW,1146
2020,47,NIS,698
2020,47,BAW,619
2020,47,HES,575
2020,47,BAY,509
2020,47,SAC,428
2020,47,SLH,276
2020,47,RHP,204
2020,47,BBB,193
2020,47,THÜ,145
2020,47,SAH,145
2020,47,SAA,115
2020,47,MVP,105
2020,47,RHL,53
2020,47,HAM,47
2020,47,BRE,27
2020,48,NRW,1146
2020,48,NIS,698
2020,48,BAW,619
2020,48,HES,575
2020,48,BAY,509
2020,48,SAC,428
2020,48,SLH,276
2020,48,RHP,204
2020,48,BBB,193
2020,48,THÜ,145
2020,48,SAH,145
2020,48,SAA,115
2020,48,MVP,105
2020,48,RHL,53
2020,48,HAM,47
2020,48,BRE,27
2020,49,NRW,1146
2020,49,NIS,698
2020,49,BAW,619
2020,49,HES,575
2020,49,BAY,509
2020,49,SAC,428
2020,49,SLH,276
2020,49,RHP,204
2020,49,BBB,193
2020,49,THÜ,145
2020,49,SAH,145
2020,49,SAA,115
2020,49,MVP,105
2020,49,RHL,53
2020,49,HAM,47
2020,49,BRE,27
2020,50,NRW,1146
2020,50,NIS,698
2020,50,BAW,619
2020,50,HES,575
2020,50,BAY,509
2020,50,SAC,428
2020,50,SLH,276
2020,50,RHP,204
2020,50,BBB,193
2020,50,THÜ,145
2020,50,SAH,145
2020,50,SAA,115
2020,50,MVP,105
2020,50,RHL,53
2020,50,HAM,47
2020,50,BRE,27
2020,51,NRW,1146
2020,51,NIS,698
2020,51,BAW,619
2020,51,HES,575
2020,51,BAY,508
2020,51,SAC,428
2020,51,SLH,276
2020,51,RHP,204
2020,51,BBB,193
2020,51,THÜ,145
2020,51,SAH,145
2020,51,SAA,115
2020,51,MVP,105
2020,51,RHL,53
2020,51,HAM,47
2020,51,BRE,27
2020,52,NRW,1146
2020,52,NIS,698
2020,52,BAW,619
2020,52,HES,575
2020,52,BAY,508
2020,52,SAC,428
2020,52,SLH,276
2020,52,RHP,204
2020,52,BBB,193
2020,52,THÜ,145
2020,52,SAH,145
2020,52,SAA,115
2020,52,MVP,105
2020,52,RHL,53
2020,52,HAM,47
2020,52,BRE,27
2021,1,NRW,1051
2021,1,NIS,662
2021,1,BAW,584
2021,1,HES,531
2021,1,BAY,486
2021,1,SAC,413
2021,1,SLH,248
2021,1,RHP,192
2021,1,BBB,190
2021,1,THÜ,142
2021,1,SAH,139
2021,1,SAA,103
2021,1,MVP,98
2021,1,RHL,48
2021,1,HAM,47
2021,1,BRE,24
2021,2,NRW,1051
2021,2,NIS,662
2021,2,BAW,584
2021,2,HES,531
2021,2,BAY,486
2021,2,SAC,416
2021,2,SLH,248
2021,2,RHP,192
2021,2,BBB,190
2021,2,THÜ,142
2021,2,SAH,139
2021,2,SAA,103
2021,2,MVP,98
2021,2,RHL,48
2021,2,HAM,47
2021,2,BRE,24
2021,3,NRW,1051
2021,3,NIS,662
2021,3,BAW,584
2021,3,HES,531
2021,3,BAY,486
2021,3,SAC,418
2021,3,SLH,248
2021,3,RHP,192
2021,3,BBB,190
2021,3,THÜ,143
2021,3,SAH,139
2021,3,SAA,103
2021,3,MVP,98
2021,3,RHL,48
2021,3,HAM,47
2021,3,BRE,24
2021,4,NRW,1051
2021,4,NIS,662
2021,4,BAW,584
2021,4,HES,531
2021,4,BAY,486
2021,4,SAC,418
2021,4,SLH,248
2021,4,RHP,192
2021,4,BBB,190
2021,4,THÜ,143
2021,4,SAH,139
2021,4,SAA,103
2021,4,MVP,98
2021,4,RHL,48
2021,4,HAM,47
2021,4,BRE,24
2021,5,NRW,1051
2021,5,NIS,662
2021,5,BAW,584
2021,5,HES,531
2021,5,BAY,486
2021,5,SAC,418
2021,5,SLH,248
2021,5,RHP,192
2021,5,BBB,190
2021,5,THÜ,143
2021,5,SAH,139
2021,5,SAA,103
2021,5,MVP,98
2021,5,RHL,48
2021,5,HAM,47
2021,5,BRE,24
2021,6,NRW,1050
2021,6,NIS,662
2021,6,BAW,584
2021,6,HES,531
2021,6,BAY,486
2021,6,SAC,418
2021,6,SLH,248
2021,6,RHP,192
2021,6,BBB,190
2021,6,THÜ,143
2021,6,SAH,139
2021,6,SAA,103
2021,6,MVP,98
2021,6,RHL,48
2021,6,HAM,47
2021,6,BRE,24
2021,7,NRW,1050
2021,7,NIS,662
2021,7,BAW,584
2021,7,HES,531
2021,7,BAY,486
2021,7,SAC,418
2021,7,SLH,248
2021,7,RHP,192
2021,7,BBB,190
2021,7,THÜ,143
2021,7,SAH,139
2021,7,SAA,103
2021,7,MVP,98
2021,7,RHL,48
2021,7,HAM,47
2021,7,BRE,24
2021,8,NRW,1050
2021,8,NIS,662
2021,8,BAW,584
2021,8,HES,531
2021,8,BAY,486
2021,8,SAC,418
2021,8,SLH,248
2021,8,RHP,192
2021,8,BBB,190
2021,8,THÜ,143
2021,8,SAH,139
2021,8,SAA,103
2021,8,MVP,98
2021,8,RHL,48
2021,8,HAM,47
2021,8,BRE,24
2021,9,NRW,1050
2021,9,NIS,662
2021,9,BAW,584
2021,9,HES,531
2021,9,BAY,486
2021,9,SAC,418
2021,9,SLH,248
2021,9,RHP,192
2021,9,BBB,190
2021,9,THÜ,143
2021,9,SAH,139
2021,9,SAA,103
2021,9,MVP,98
2021,9,RHL,48
2021,9,HAM,47
2021,9,BRE,24
2021,10,NRW,1050
2021,10,NIS,662
2021,10,BAW,584
2021,10,HES,531
2021,10,BAY,486
2021,10,SAC,418
2021,10,SLH,248
2021,10,RHP,192
2021,10,BBB,190
2021,10,THÜ,143
2021,10,SAH,139
2021,10,SAA,103
2021,10,MVP,98
2021,10,RHL,48
2021,10,HAM,47
2021,10,BRE,24
2021,11,NRW,1050
2021,11,NIS,662
2021,11,BAW,584
2021,11,HES,531
2021,11,BAY,486
2021,11,SAC,418
2021,11,SLH,248
2021,11,RHP,192
2021,11,BBB,190
2021,11,THÜ,143
2021,11,SAH,139
2021,11,SAA,103
2021,11,MVP,98
2021,11,RHL,48
2021,11,HAM,47
2021,11,BRE,24
2021,12,NRW,1052
2021,12,NIS,661
2021,12,BAW,584
2021,12,HES,531
2021,12,BAY,486
2021,12,SAC,418
2021,12,SLH,248
2021,12,RHP,192
2021,12,BBB,189
2021,12,THÜ,143
2021,12,SAH,139
2021,12,SAA,103
2021,12,MVP,98
2021,12,RHL,48
2021,12,HAM,47
2021,12,BRE,24
2021,13,NRW,1052
2021,13,NIS,661
2021,13,BAW,584
2021,13,HES,531
2021,13,BAY,486
2021,13,SAC,418
2021,13,SLH,248
2021,13,RHP,192
2021,13,BBB,189
2021,13,THÜ,143
2021,13,SAH,139
2021,13,SAA,103
2021,13,MVP,98
2021,13,RHL,48
2021,13,HAM,47
2021,13,BRE,24
2021,14,NRW,1052
2021,14,NIS,661
2021,14,BAW,584
2021,14,HES,530
2021,14,BAY,486
2021,14,SAC,418
2021,14,SLH,248
2021,14,RHP,192
2021,14,BBB,189
2021,14,THÜ,143
2021,14,SAH,139
2021,14,SAA,103
2021,14,MVP,98
2021,14,RHL,48
2021,14,HAM,47
2021,14,BRE,24
2021,15,NRW,1052
2021,15,NIS,661
2021,15,BAW,584
2021,15,HES,530
2021,15,BAY,486
2021,15,SAC,418
2021,15,SLH,248
2021,15,RHP,192
2021,15,BBB,189
2021,15,THÜ,143
2021,15,SAH,139
2021,15,SAA,103
2021,15,MVP,98
2021,15,RHL,48
2021,15,HAM,47
2021,15,BRE,24
2021,16,NRW,1052
2021,16,NIS,661
2021,16,BAW,584
2021,16,HES,530
2021,16,BAY,486
2021,16,SAC,418
2021,16,SLH,248
2021,16,RHP,192
2021,16,BBB,189
2021,16,THÜ,143
2021,16,SAH,139
2021,16,SAA,103
2021,16,MVP,98
2021,16,RHL,48
2021,16,HAM,47
2021,16,BRE,24
2021,17,NRW,1052
2021,17,NIS,661
2021,17,BAW,584
2021,17,HES,530
2021,17,BAY,486
2021,17,SAC,418
2021,17,SLH,248
2021,17,RHP,192
2021,17,BBB,189
2021,17,THÜ,143
2021,17,SAH,139
2021,17,SAA,103
2021,17,MVP,98
2021,17,RHL,48
2021,17,HAM,47
2021,17,BRE,24
2021,18,NRW,1050
2021,18,NIS,661
2021,18,BAW,584
2021,18,HES,529
2021,18,BAY,486
2021,18,SAC,418
2021,18,SLH,248
2021,18,RHP,192
2021,18,BBB,189
2021,18,THÜ,143
2021,18,SAH,139
2021,18,SAA,103
2021,18,MVP,98
2021,18,RHL,48
2021,18,HAM,47
2021,18,BRE,24
2021,19,NRW,1050
2021,19,NIS,661
2021,19,BAW,584
2021,19,HES,529
2021,19,BAY,486
2021,19,SAC,418
2021,19,SLH,248
2021,19,RHP,192
2021,19,BBB,189
2021,19,THÜ,143
2021,19,SAH,139
2021,19,SAA,103
2021,19,MVP,98
2021,19,RHL,48
2021,19,HAM,47
2021,19,BRE,24
2021,20,NRW,1050
2021,20,NIS,661
2021,20,BAW,584
2021,20,HES,529
2021,20,BAY,486
2021,20,SAC,418
2021,20,SLH,248
2021,20,RHP,192
2021,20,BBB,189
2021,20,THÜ,143
2021,20,SAH,139
2021,20,SAA,103
2021,20,MVP,98
2021,20,RHL,48
2021,20,HAM,47
2021,20,BRE,24
2021,21,NRW,1050
2021,21,NIS,661
2021,21,BAW,584
2021,21,HES,529
2021,21,BAY,486
2021,21,SAC,418
2021,21,SLH,248
2021,21,RHP,192
2021,21,BBB,189
2021,21,THÜ,143
2021,21,SAH,139
2021,21,SAA,103
2021,21,MVP,98
2021,21,RHL,48
2021,21,HAM,47
2021,21,BRE,24
2021,22,NRW,1050
2021,22,NIS,661
2021,22,BAW,584
2021,22,HES,529
2021,22,BAY,486
2021,22,SAC,418
2021,22,SLH,248
2021,22,RHP,192
2021,22,BBB,189
2021,22,THÜ,143
2021,22,SAH,139
2021,22,SAA,103
2021,22,MVP,98
2021,22,RHL,48
2021,22,HAM,47
2021,22,BRE,24
2021,23,NRW,1050
2021,23,NIS,661
2021,23,BAW,584
2021,23,HES,529
2021,23,BAY,486
2021,23,SAC,418
2021,23,SLH,248
2021,23,RHP,192
2021,23,BBB,189
2021,23,THÜ,143
2021,23,SAH,139
2021,23,SAA,103
2021,23,MVP,98
2021,23,RHL,48
2021,23,HAM,47
2021,23,BRE,24
2021,24,NRW,1050
2021,24,NIS,660
2021,24,BAW,584
2021,24,HES,529
2021,24,BAY,486
2021,24,SAC,418
2021,24,SLH,248
2021,24,RHP,192
2021,24,BBB,188
2021,24,THÜ,143
2021,24,SAH,139
2021,24,SAA,103
2021,24,MVP,98
2021,24,RHL,48
2021,24,HAM,47
2021,24,BRE,24
2021,25,NRW,1051
2021,25,NIS,662
2021,25,BAW,584
2021,25,HES,531
2021,25,BAY,486
2021,25,SAC,418
2021,25,SLH,248
2021,25,RHP,192
2021,25,BBB,190
2021,25,THÜ,143
2021,25,SAH,139
2021,25,SAA,103
2021,25,MVP,98
2021,25,RHL,48
2021,25,HAM,47
2021,25,BRE,24
2021,26,NRW,1050
2021,26,NIS,660
2021,26,BAW,584
2021,26,HES,529
2021,26,BAY,486
2021,26,SAC,420
2021,26,SLH,248
2021,26,RHP,192
2021,26,BBB,188
2021,26,THÜ,143
2021,26,SAH,139
2021,26,SAA,103
2021,26,MVP,98
2021,26,RHL,48
2021,26,HAM,47
2021,26,BRE,24
2021,27,NRW,1051
2021,27,NIS,660
2021,27,BAW,585
2021,27,HES,528
2021,27,BAY,490
2021,27,SAC,422
2021,27,SLH,247
2021,27,RHP,192
2021,27,BBB,188
2021,27,THÜ,146
2021,27,SAH,139
2021,27,SAA,103
2021,27,MVP,98
2021,27,RHL,48
2021,27,HAM,46
2021,27,BRE,24
2021,28,NRW,1051
2021,28,NIS,660
2021,28,BAW,585
2021,28,HES,528
2021,28,BAY,514
2021,28,SAC,422
2021,28,SLH,247
2021,28,RHP,192
2021,28,BBB,188
2021,28,THÜ,148
2021,28,SAH,139
2021,28,SAA,103
2021,28,MVP,97
2021,28,RHL,48
2021,28,HAM,47
2021,28,BRE,24
2021,29,NRW,1051
2021,29,NIS,660
2021,29,BAW,585
2021,29,HES,528
2021,29,BAY,512
2021,29,SAC,429
2021,29,SLH,247
2021,29,RHP,192
2021,29,BBB,188
2021,29,THÜ,150
2021,29,SAH,139
2021,29,SAA,103
2021,29,MVP,97
2021,29,RHL,48
2021,29,HAM,47
2021,29,BRE,24
2021,30,NRW,1051
2021,30,NIS,660
2021,30,BAW,585
2021,30,HES,528
2021,30,BAY,512
2021,30,SAC,429
2021,30,SLH,247
2021,30,RHP,192
2021,30,BBB,188
2021,30,THÜ,149
2021,30,SAH,139
2021,30,SAA,103
2021,30,MVP,97
2021,30,RHL,48
2021,30,HAM,47
2021,30,BRE,24
2021,31,NRW,1051
2021,31,NIS,638
2021,31,BAW,585
2021,31,HES,527
2021,31,BAY,512
2021,31,SAC,429
2021,31,SLH,247
2021,31,RHP,192
2021,31,BBB,188
2021,31,THÜ,149
2021,31,SAH,139
2021,31,SAA,103
2021,31,MVP,97
2021,31,RHL,48
2021,31,HAM,47
2021,31,BRE,24
2021,32,NRW,1051
2021,32,NIS,639
2021,32,BAW,585
2021,32,HES,527
2021,32,BAY,512
2021,32,SAC,429
2021,32,SLH,247
2021,32,RHP,192
2021,32,BBB,187
2021,32,THÜ,149
2021,32,SAH,139
2021,32,SAA,103
2021,32,MVP,97
2021,32,RHL,48
2021,32,HAM,48
2021,32,BRE,24
2021,33,NRW,1051
2021,33,NIS,639
2021,33,BAW,585
2021,33,HES,527
2021,33,BAY,512
2021,33,SAC,427
2021,33,SLH,247
2021,33,RHP,192
2021,33,BBB,187
2021,33,THÜ,149
2021,33,SAH,139
2021,33,SAA,103
2021,33,MVP,97
2021,33,RHL,48
2021,33,HAM,48
2021,33,BRE,24
2021,34,NRW,1052
2021,34,NIS,639
2021,34,BAW,584
2021,34,HES,527
2021,34,BAY,512
2021,34,SAC,421
2021,34,SLH,247
2021,34,RHP,192
2021,34,BBB,187
2021,34,THÜ,155
2021,34,SAH,139
2021,34,SAA,103
2021,34,MVP,97
2021,34,HAM,49
2021,34,RHL,48
2021,34,BRE,25
2021,35,NRW,1055
2021,35,NIS,660
2021,35,BAW,581
2021,35,HES,531
2021,35,BAY,515
2021,35,SAC,423
2021,35,SLH,254
2021,35,RHP,192
2021,35,BBB,188
2021,35,HAM,159
2021,35,THÜ,156
2021,35,SAH,139
2021,35,SAA,107
2021,35,MVP,97
2021,35,RHL,48
2021,35,BRE,25
2021,36,NRW,1085
2021,36,NIS,660
2021,36,BAW,581
2021,36,HES,546
2021,36,BAY,515
2021,36,SAC,423
2021,36,SLH,255
2021,36,BBB,232
2021,36,RHP,192
2021,36,HAM,159
2021,36,THÜ,156
2021,36,SAH,139
2021,36,SAA,107
2021,36,MVP,97
2021,36,RHL,54
2021,36,BRE,25
2021,37,NRW,1085
2021,37,NIS,665
2021,37,BAW,584
2021,37,HES,571
2021,37,BAY,515
2021,37,SAC,423
2021,37,SLH,271
2021,37,BBB,251
2021,37,RHP,222
2021,37,HAM,159
2021,37,THÜ,156
2021,37,SAH,140
2021,37,SAA,107
2021,37,MVP,97
2021,37,RHL,70
2021,37,BRE,25
2021,38,NRW,1182
2021,38,NIS,675
2021,38,BAW,584
2021,38,HES,571
2021,38,BAY,515
2021,38,SAC,434
2021,38,BBB,280
2021,38,SLH,275
2021,38,RHP,223
2021,38,HAM,159
2021,38,THÜ,156
2021,38,SAH,140
2021,38,SAA,111
2021,38,MVP,101
2021,38,RHL,74
2021,38,BRE,25
2021,39,NRW,1183
2021,39,NIS,675
2021,39,BAW,584
2021,39,HES,571
2021,39,BAY,515
2021,39,SAC,435
2021,39,BBB,295
2021,39,SLH,279
2021,39,RHP,223
2021,39,HAM,174
2021,39,THÜ,156
2021,39,SAH,140
2021,39,SAA,111
2021,39,MVP,101
2021,39,RHL,74
2021,39,BRE,25
2021,40,NRW,1191
2021,40,NIS,678
2021,40,BAW,584
2021,40,HES,573
2021,40,BAY,541
2021,40,SAC,443
2021,40,BBB,297
2021,40,SLH,279
2021,40,RHP,223
2021,40,HAM,174
2021,40,THÜ,158
2021,40,SAH,140
2021,40,SAA,120
2021,40,MVP,106
2021,40,RHL,74
2021,40,BRE,25
2021,41,NRW,1191
2021,41,NIS,678
2021,41,BAW,648
2021,41,HES,591
2021,41,BAY,541
2021,41,SAC,457
2021,41,BBB,297
2021,41,SLH,279
2021,41,RHP,223
2021,41,HAM,174
2021,41,THÜ,162
2021,41,SAH,143
2021,41,SAA,122
2021,41,MVP,106
2021,41,RHL,74
2021,41,BRE,25
2021,42,NRW,1191
2021,42,BAW,709
2021,42,NIS,678
2021,42,HES,591
2021,42,BAY,541
2021,42,SAC,473
2021,42,BBB,297
2021,42,SLH,279
2021,42,RHP,224
2021,42,HAM,175
2021,42,THÜ,162
2021,42,SAH,143
2021,42,SAA,122
2021,42,MVP,106
2021,42,RHL,74
2021,42,BRE,25
2021,43,NRW,1191
2021,43,BAW,709
2021,43,NIS,678
2021,43,HES,591
2021,43,BAY,548
2021,43,SAC,473
2021,43,BBB,297
2021,43,SLH,279
2021,43,RHP,226
2021,43,THÜ,179
2021,43,HAM,175
2021,43,SAH,143
2021,43,SAA,122
2021,43,MVP,109
2021,43,RHL,74
2021,43,BRE,25
2021,44,NRW,1192
2021,44,BAW,709
2021,44,NIS,678
2021,44,HES,591
2021,44,BAY,548
2021,44,SAC,497
2021,44,BBB,304
2021,44,SLH,279
2021,44,RHP,226
2021,44,THÜ,179
2021,44,HAM,175
2021,44,SAH,143
2021,44,SAA,122
2021,44,MVP,109
2021,44,RHL,74
2021,44,BRE,25
2021,45,NRW,1192
2021,45,BAW,711
2021,45,NIS,686
2021,45,HES,591
2021,45,BAY,548
2021,45,SAC,497
2021,45,BBB,308
2021,45,SLH,279
2021,45,RHP,226
2021,45,THÜ,179
2021,45,HAM,175
2021,45,SAH,143
2021,45,SAA,122
2021,45,MVP,108
2021,45,RHL,74
2021,45,BRE,26
2021,46,NRW,1191
2021,46,BAW,722
2021,46,NIS,694
2021,46,HES,592
2021,46,BAY,589
2021,46,SAC,502
2021,46,BBB,321
2021,46,SLH,289
2021,46,RHP,226
2021,46,THÜ,193
2021,46,HAM,175
2021,46,SAH,161
2021,46,SAA,122
2021,46,MVP,111
2021,46,RHL,74
2021,46,BRE,26
2021,47,NRW,1191
2021,47,BAW,722
2021,47,NIS,694
2021,47,HES,592
2021,47,BAY,590
2021,47,SAC,502
2021,47,BBB,328
2021,47,SLH,303
2021,47,RHP,226
2021,47,THÜ,200
2021,47,HAM,175
2021,47,SAH,162
2021,47,SAA,122
2021,47,MVP,111
2021,47,RHL,74
2021,47,BRE,26
2021,48,NRW,1191
2021,48,BAW,722
2021,48,NIS,694
2021,48,HES,626
2021,48,BAY,597
2021,48,SAC,502
2021,48,BBB,342
2021,48,SLH,303
2021,48,RHP,226
2021,48,THÜ,203
2021,48,HAM,175
2021,48,SAH,162
2021,48,SAA,122
2021,48,MVP,111
2021,48,RHL,74
2021,48,BRE,26
2021,49,NRW,1191
2021,49,BAW,722
2021,49,NIS,694
2021,49,HES,626
2021,49,BAY,597
2021,49,SAC,502
2021,49,BBB,342
2021,49,SLH,303
2021,49,RHP,226
2021,49,THÜ,203
2021,49,HAM,175
2021,49,SAH,162
2021,49,SAA,122
2021,49,MVP,111
2021,49,RHL,74
2021,49,BRE,26
2021,50,NRW,1191
2021,50,BAW,722
2021,50,NIS,694
2021,50,HES,626
2021,50,BAY,597
2021,50,SAC,502
2021,50,BBB,342
2021,50,SLH,303
2021,50,RHP,226
2021,50,THÜ,203
2021,50,HAM,175
2021,50,SAH,162
2021,50,SAA,122
2021,50,MVP,111
2021,50,RHL,74
2021,50,BRE,26
2021,51,NRW,1191
2021,51,BAW,722
2021,51,NIS,700
2021,51,HES,626
2021,51,BAY,596
2021,51,SAC,502
2021,51,BBB,342
2021,51,SLH,302
2021,51,RHP,226
2021,51,THÜ,203
2021,51,HAM,176
2021,51,SAH,162
2021,51,SAA,122
2021,51,MVP,111
2021,51,RHL,74
2021,51,BRE,26
2021,52,NRW,1191
2021,52,BAW,721
2021,52,NIS,700
2021,52,HES,626
2021,52,BAY,597
2021,52,SAC,502
2021,52,BBB,342
2021,52,SLH,302
2021,52,RHP,227
2021,52,THÜ,203
2021,52,HAM,176
2021,52,SAH,162
2021,52,SAA,122
2021,52,MVP,111
2021,52,RHL,74
2021,52,BRE,26
2022,1,NRW,1027
2022,1,BAW,663
2022,1,NIS,628
2022,1,HES,568
2022,1,BAY,547
2022,1,SAC,472
2022,1,BBB,323
2022,1,SLH,270
2022,1,RHP,209
2022,1,THÜ,182
2022,1,HAM,163
2022,1,SAH,149
2022,1,SAA,111
2022,1,MVP,100
2022,1,RHL,67
2022,1,BRE,21
2022,2,NRW,1027
2022,2,BAW,663
2022,2,NIS,628
2022,2,HES,568
2022,2,BAY,547
2022,2,SAC,472
2022,2,BBB,323
2022,2,SLH,270
2022,2,RHP,209
2022,2,THÜ,186
2022,2,HAM,163
2022,2,SAH,149
2022,2,SAA,111
2022,2,MVP,100
2022,2,RHL,67
2022,2,BRE,21
2022,3,NRW,1045
2022,3,BAW,663
2022,3,NIS,628
2022,3,HES,568
2022,3,BAY,547
2022,3,SAC,468
2022,3,BBB,323
2022,3,SLH,270
2022,3,RHP,209
2022,3,THÜ,186
2022,3,HAM,163
2022,3,SAH,149
2022,3,SAA,112
2022,3,MVP,100
2022,3,RHL,67
2022,3,BRE,21
2022,4,NRW,1045
2022,4,BAW,672
2022,4,NIS,628
2022,4,HES,570
2022,4,BAY,547
2022,4,SAC,468
2022,4,BBB,323
2022,4,SLH,270
2022,4,RHP,223
2022,4,THÜ,186
2022,4,HAM,163
2022,4,SAH,149
2022,4,SAA,112
2022,4,MVP,100
2022,4,RHL,67
2022,4,BRE,21
2022,5,NRW,1049
2022,5,BAW,711
2022,5,NIS,628
2022,5,HES,570
2022,5,BAY,547
2022,5,SAC,482
2022,5,BBB,324
2022,5,SLH,270
2022,5,RHP,222
2022,5,THÜ,192
2022,5,HAM,163
2022,5,SAH,149
2022,5,SAA,113
2022,5,MVP,101
2022,5,RHL,67
2022,5,BRE,21
2022,6,NRW,1090
2022,6,BAW,728
2022,6,NIS,628
2022,6,HES,570
2022,6,BAY,547
2022,6,SAC,493
2022,6,BBB,324
2022,6,SLH,270
2022,6,RHP,223
2022,6,THÜ,196
2022,6,HAM,163
2022,6,SAH,149
2022,6,SAA,113
2022,6,MVP,101
2022,6,RHL,67
2022,6,BRE,21
2022,7,NRW,1090
2022,7,BAW,731
2022,7,NIS,629
2022,7,HES,570
2022,7,BAY,547
2022,7,SAC,493
2022,7,BBB,324
2022,7,SLH,270
2022,7,RHP,223
2022,7,THÜ,196
2022,7,HAM,163
2022,7,SAH,149
2022,7,SAA,113
2022,7,MVP,101
2022,7,RHL,67
2022,7,BRE,21
2022,8,NRW,1091
2022,8,BAW,731
2022,8,NIS,640
2022,8,BAY,615
2022,8,HES,570
2022,8,SAC,493
2022,8,BBB,324
2022,8,SLH,270
2022,8,RHP,223
2022,8,THÜ,196
2022,8,HAM,163
2022,8,SAH,149
2022,8,SAA,113
2022,8,MVP,101
2022,8,RHL,67
2022,8,BRE,21
2022,9,NRW,1092
2022,9,BAW,731
2022,9,NIS,645
2022,9,BAY,615
2022,9,HES,570
2022,9,SAC,493
2022,9,BBB,324
2022,9,SLH,275
2022,9,RHP,223
2022,9,THÜ,196
2022,9,HAM,163
2022,9,SAH,149
2022,9,SAA,113
2022,9,MVP,101
2022,9,RHL,67
2022,9,BRE,21
2022,10,NRW,1091
2022,10,BAW,731
2022,10,NIS,663
2022,10,BAY,615
2022,10,HES,572
2022,10,SAC,493
2022,10,BBB,324
2022,10,SLH,276
2022,10,RHP,223
2022,10,THÜ,204
2022,10,HAM,163
2022,10,SAH,149
2022,10,SAA,115
2022,10,MVP,101
2022,10,RHL,68
2022,10,BRE,21
2022,11,NRW,1091
2022,11,BAW,744
2022,11,NIS,666
2022,11,HES,657
2022,11,BAY,615
2022,11,SAC,512
2022,11,BBB,330
2022,11,SLH,296
2022,11,RHP,230
2022,11,THÜ,204
2022,11,HAM,163
2022,11,SAH,156
2022,11,SAA,115
2022,11,MVP,103
2022,11,RHL,68
2022,11,BRE,21
2022,12,NRW,1204
2022,12,BAW,789
2022,12,NIS,707
2022,12,HES,661
2022,12,BAY,615
2022,12,SAC,513
2022,12,BBB,349
2022,12,SLH,296
2022,12,RHP,230
2022,12,THÜ,210
2022,12,HAM,163
2022,12,SAH,157
2022,12,SAA,115
2022,12,MVP,103
2022,12,RHL,72
2022,12,BRE,21
2022,13,NRW,1204
2022,13,BAW,838
2022,13,NIS,761
2022,13,HES,672
2022,13,BAY,615
2022,13,SAC,533
2022,13,BBB,371
2022,13,SLH,296
2022,13,RHP,230
2022,13,THÜ,210
2022,13,HAM,163
2022,13,SAH,157
2022,13,SAA,115
2022,13,MVP,103
2022,13,RHL,72
2022,13,BRE,32
2022,14,NRW,1227
2022,14,BAW,856
2022,14,HES,768
2022,14,NIS,761
2022,14,BAY,620
2022,14,SAC,533
2022,14,BBB,371
2022,14,SLH,296
2022,14,RHP,235
2022,14,THÜ,215
2022,14,HAM,164
2022,14,SAH,157
2022,14,SAA,115
2022,14,MVP,103
2022,14,RHL,83
2022,14,BRE,32
2022,15,NRW,1227
2022,15,BAW,856
2022,15,HES,768
2022,15,NIS,761
2022,15,BAY,620
2022,15,SAC,537
2022,15,BBB,371
2022,15,SLH,296
2022,15,RHP,242
2022,15,THÜ,215
2022,15,HAM,164
2022,15,SAH,157
2022,15,SAA,115
2022,15,MVP,103
2022,15,RHL,83
2022,15,BRE,32
2022,16,NRW,1227
2022,16,BAW,857
2022,16,HES,768
2022,16,NIS,760
2022,16,BAY,620
2022,16,SAC,537
2022,16,BBB,371
2022,16,SLH,296
2022,16,RHP,242
2022,16,THÜ,215
2022,16,HAM,165
2022,16,SAH,157
2022,16,SAA,115
2022,16,MVP,103
2022,16,RHL,83
2022,16,BRE,32
2022,17,NRW,1227
2022,17,BAW,858
2022,17,HES,768
2022,17,NIS,761
2022,17,BAY,620
2022,17,SAC,537
2022,17,BBB,371
2022,17,SLH,296
2022,17,RHP,242
2022,17,THÜ,215
2022,17,HAM,165
2022,17,SAH,157
2022,17,SAA,122
2022,17,MVP,103
2022,17,RHL,83
2022,17,BRE,32
2022,18,NRW,1226
2022,18,BAW,860
2022,18,HES,826
2022,18,NIS,761
2022,18,BAY,651
2022,18,SAC,539
2022,18,BBB,381
2022,18,SLH,296
2022,18,RHP,242
2022,18,THÜ,222
2022,18,HAM,165
2022,18,SAH,157
2022,18,SAA,122
2022,18,MVP,109
2022,18,RHL,83
2022,18,BRE,32
2022,19,NRW,1253
2022,19,BAW,880
2022,19,NIS,844
2022,19,HES,832
2022,19,BAY,655
2022,19,SAC,567
2022,19,BBB,394
2022,19,SLH,304
2022,19,RHP,243
2022,19,THÜ,222
2022,19,HAM,166
2022,19,SAH,157
2022,19,SAA,128
2022,19,MVP,109
2022,19,RHL,83
2022,19,BRE,32
2022,20,NRW,1253
2022,20,BAW,880
2022,20,NIS,852
2022,20,HES,832
2022,20,BAY,783
2022,20,SAC,568
2022,20,BBB,403
2022,20,SLH,304
2022,20,RHP,243
2022,20,THÜ,223
2022,20,HAM,166
2022,20,SAH,157
2022,20,SAA,130
2022,20,MVP,109
2022,20,RHL,83
2022,20,BRE,32
2022,21,NRW,1253
2022,21,BAW,881
2022,21,NIS,863
2022,21,HES,832
2022,21,BAY,809
2022,21,SAC,568
2022,21,BBB,409
2022,21,SLH,304
2022,21,RHP,243
2022,21,THÜ,226
2022,21,HAM,166
2022,21,SAH,160
2022,21,SAA,130
2022,21,MVP,109
2022,21,RHL,102
2022,21,BRE,32
2022,22,NRW,1253
2022,22,BAW,881
2022,22,NIS,871
2022,22,HES,832
2022,22,BAY,803
2022,22,SAC,573
2022,22,BBB,411
2022,22,SLH,308
2022,22,RHP,243
2022,22,THÜ,226
2022,22,HAM,197
2022,22,SAH,160
2022,22,SAA,130
2022,22,MVP,109
2022,22,RHL,102
2022,22,BRE,32
2022,23,NRW,1252
2022,23,BAW,881
2022,23,NIS,871
2022,23,HES,833
2022,23,BAY,790
2022,23,SAC,573
2022,23,BBB,411
2022,23,SLH,308
2022,23,RHP,246
2022,23,THÜ,226
2022,23,HAM,197
2022,23,SAH,160
2022,23,SAA,130
2022,23,MVP,109
2022,23,RHL,102
2022,23,BRE,32
2022,24,NRW,1389
2022,24,NIS,929
2022,24,BAW,888
2022,24,HES,834
2022,24,BAY,788
2022,24,SAC,577
2022,24,BBB,411
2022,24,SLH,308
2022,24,THÜ,247
2022,24,RHP,247
2022,24,HAM,197
2022,24,SAH,175
2022,24,SAA,127
2022,24,MVP,109
2022,24,RHL,102
2022,24,BRE,32
2022,25,NRW,1427
2022,25,NIS,958
2022,25,BAW,888
2022,25,HES,839
2022,25,BAY,784
2022,25,SAC,577
2022,25,BBB,432
2022,25,SLH,326
2022,25,THÜ,261
2022,25,RHP,248
2022,25,HAM,202
2022,25,SAH,175
2022,25,SAA,127
2022,25,MVP,109
2022,25,RHL,102
2022,25,BRE,32
2022,26,NRW,1373
2022,26,NIS,987
2022,26,BAW,888
2022,26,HES,842
2022,26,BAY,786
2022,26,SAC,577
2022,26,BBB,432
2022,26,SLH,320
2022,26,THÜ,282
2022,26,RHP,247
2022,26,HAM,203
2022,26,SAH,175
2022,26,SAA,127
2022,26,MVP,109
2022,26,RHL,102
2022,26,BRE,33
2022,27,NRW,1113
2022,27,NIS,719
2022,27,HES,697
2022,27,BAW,692
2022,27,BAY,619
2022,27,SAC,483
2022,27,BBB,382
2022,27,THÜ,247
2022,27,SLH,239
2022,27,HAM,199
2022,27,RHP,171
2022,27,SAH,132
2022,27,RHL,95
2022,27,SAA,94
2022,27,MVP,90
2022,27,BRE,22
2022,28,NRW,1113
2022,28,NIS,781
2022,28,HES,713
2022,28,BAW,692
2022,28,BAY,617
2022,28,SAC,500
2022,28,BBB,382
2022,28,THÜ,247
2022,28,SLH,239
2022,28,RHP,229
2022,28,HAM,200
2022,28,SAH,137
2022,28,SAA,103
2022,28,RHL,95
2022,28,MVP,90
2022,28,BRE,22
2022,29,NRW,1116
2022,29,NIS,780
2022,29,HES,715
2022,29,BAW,701
2022,29,BAY,681
2022,29,SAC,499
2022,29,BBB,381
2022,29,THÜ,246
2022,29,SLH,239
2022,29,RHP,212
2022,29,HAM,198
2022,29,SAH,137
2022,29,SAA,122
2022,29,RHL,95
2022,29,MVP,90
2022,29,BRE,22
2022,30,NRW,1122
2022,30,NIS,781
2022,30,HES,718
2022,30,BAW,700
2022,30,BAY,689
2022,30,SAC,500
2022,30,BBB,382
2022,30,THÜ,246
2022,30,SLH,239
2022,30,RHP,210
2022,30,HAM,199
2022,30,SAH,137
2022,30,SAA,122
2022,30,RHL,95
2022,30,MVP,90
2022,30,BRE,22
2022,31,NRW,1122
2022,31,NIS,781
2022,31,HES,728
2022,31,BAW,700
2022,31,BAY,689
2022,31,SAC,500
2022,31,BBB,382
2022,31,THÜ,246
2022,31,SLH,239
2022,31,RHP,210
2022,31,HAM,199
2022,31,SAH,137
2022,31,SAA,122
2022,31,RHL,95
2022,31,MVP,90
2022,31,BRE,22
2022,32,NRW,1122
2022,32,NIS,781
2022,32,HES,728
2022,32,BAW,700
2022,32,BAY,689
2022,32,SAC,500
2022,32,BBB,382
2022,32,THÜ,246
2022,32,SLH,239
2022,32,RHP,210
2022,32,HAM,199
2022,32,SAH,137
2022,32,SAA,122
2022,32,RHL,95
2022,32,MVP,90
2022,32,BRE,22
2022,33,NRW,1123
2022,33,NIS,781
2022,33,HES,728
2022,33,BAW,700
2022,33,BAY,689
2022,33,SAC,500
2022,33,BBB,382
2022,33,THÜ,246
2022,33,SLH,239
2022,33,RHP,210
2022,33,HAM,199
2022,33,SAH,137
2022,33,SAA,122
2022,33,RHL,95
2022,33,MVP,90
2022,33,BRE,22
2022,34,NRW,1123
2022,34,NIS,781
2022,34,HES,728
2022,34,BAW,700
2022,34,BAY,689
2022,34,SAC,500
2022,34,BBB,382
2022,34,THÜ,246
2022,34,SLH,239
2022,34,HAM,238
2022,34,RHP,210
2022,34,SAH,137
2022,34,SAA,122
2022,34,RHL,95
2022,34,MVP,90
2022,34,BRE,22
2022,35,NRW,1123
2022,35,NIS,786
2022,35,HES,728
2022,35,BAW,700
2022,35,BAY,689
2022,35,SAC,500
2022,35,BBB,382
2022,35,THÜ,246
2022,35,SLH,218
2022,35,HAM,218
2022,35,RHP,210
2022,35,SAH,137
2022,35,SAA,122
2022,35,RHL,95
2022,35,MVP,90
2022,35,BRE,23
2022,36,NRW,1207
2022,36,NIS,788
2022,36,HES,701
2022,36,BAW,700
2022,36,BAY,687
2022,36,SAC,502
2022,36,BBB,376
2022,36,THÜ,248
2022,36,SLH,237
2022,36,HAM,218
2022,36,RHP,210
2022,36,SAH,137
2022,36,SAA,122
2022,36,RHL,95
2022,36,BRE,91
2022,36,MVP,90
2022,37,NRW,1208
2022,37,NIS,763
2022,37,HES,701
2022,37,BAW,698
2022,37,BAY,687
2022,37,SAC,501
2022,37,BBB,373
2022,37,THÜ,251
2022,37,SLH,245
2022,37,HAM,218
2022,37,RHP,189
2022,37,SAH,135
2022,37,SAA,122
2022,37,RHL,92
2022,37,MVP,89
2022,37,BRE,89
2022,38,NRW,1165
2022,38,NIS,762
2022,38,BAY,759
2022,38,HES,700
2022,38,BAW,696
2022,38,SAC,537
2022,38,BBB,371
2022,38,THÜ,254
2022,38,SLH,245
2022,38,HAM,217
2022,38,RHP,188
2022,38,SAH,138
2022,38,SAA,121
2022,38,MVP,93
2022,38,RHL,92
2022,38,BRE,89
2022,39,NRW,1180
2022,39,BAY,781
2022,39,NIS,779
2022,39,HES,700
2022,39,BAW,696
2022,39,SAC,537
2022,39,BBB,376
2022,39,THÜ,256
2022,39,SLH,242
2022,39,HAM,208
2022,39,RHP,205
2022,39,SAH,151
2022,39,SAA,136
2022,39,RHL,104
2022,39,MVP,93
2022,39,BRE,89
2022,40,NRW,1144
2022,40,HES,778
2022,40,NIS,777
2022,40,BAY,765
2022,40,BAW,693
2022,40,SAC,537
2022,40,BBB,378
2022,40,THÜ,255
2022,40,SLH,242
2022,40,HAM,208
2022,40,RHP,204
2022,40,SAH,151
2022,40,SAA,123
2022,40,RHL,104
2022,40,MVP,98
2022,40,BRE,89
2022,41,NRW,1144
2022,41,NIS,777
2022,41,HES,764
2022,41,BAY,764
2022,41,BAW,666
2022,41,SAC,535
2022,41,BBB,380
2022,41,THÜ,254
2022,41,SLH,242
2022,41,RHP,211
2022,41,HAM,208
2022,41,SAH,147
2022,41,SAA,123
2022,41,RHL,108
2022,41,MVP,98
2022,41,BRE,89
2022,42,NRW,1144
2022,42,NIS,789
2022,42,BAW,777
2022,42,HES,766
2022,42,BAY,765
2022,42,SAC,520
2022,42,BBB,381
2022,42,THÜ,254
2022,42,SLH,242
2022,42,RHP,211
2022,42,HAM,208
2022,42,SAH,161
2022,42,SAA,123
2022,42,RHL,108
2022,42,MVP,98
2022,42,BRE,92
2022,43,NRW,1144
2022,43,NIS,789
2022,43,BAW,777
2022,43,HES,766
2022,43,BAY,765
2022,43,SAC,520
2022,43,BBB,381
2022,43,THÜ,245
2022,43,SLH,242
2022,43,HAM,208
2022,43,RHP,203
2022,43,SAH,161
2022,43,SAA,123
2022,43,RHL,108
2022,43,MVP,92
2022,43,BRE,92
2022,44,NRW,1130
2022,44,NIS,789
2022,44,HES,775
2022,44,BAW,774
2022,44,BAY,764
2022,44,SAC,515
2022,44,BBB,378
2022,44,THÜ,245
2022,44,SLH,242
2022,44,HAM,206
2022,44,RHP,203
2022,44,SAH,161
2022,44,SAA,123
2022,44,RHL,108
2022,44,MVP,92
2022,44,BRE,91
2022,45,NRW,1129
2022,45,NIS,784
2022,45,BAW,766
2022,45,BAY,764
2022,45,HES,762
2022,45,SAC,518
2022,45,BBB,372
2022,45,THÜ,246
2022,45,SLH,241
2022,45,HAM,207
2022,45,RHP,203
2022,45,SAH,161
2022,45,SAA,123
2022,45,RHL,108
2022,45,MVP,92
2022,45,BRE,91
2022,46,NRW,1128
2022,46,BAW,797
2022,46,NIS,784
2022,46,BAY,783
2022,46,HES,762
2022,46,SAC,519
2022,46,BBB,374
2022,46,THÜ,285
2022,46,SLH,264
2022,46,HAM,206
2022,46,RHP,203
2022,46,SAH,154
2022,46,SAA,123
2022,46,RHL,108
2022,46,BRE,91
2022,46,MVP,90
2022,47,NRW,1128
2022,47,BAW,798
2022,47,NIS,786
2022,47,BAY,782
2022,47,HES,771
2022,47,SAC,522
2022,47,BBB,364
2022,47,THÜ,281
2022,47,SLH,269
2022,47,HAM,206
2022,47,RHP,203
2022,47,SAH,149
2022,47,SAA,123
2022,47,RHL,108
2022,47,BRE,91
2022,47,MVP,90
2022,48,NRW,1128
2022,48,BAW,899
2022,48,NIS,815
2022,48,BAY,785
2022,48,HES,766
2022,48,SAC,525
2022,48,BBB,376
2022,48,THÜ,282
2022,48,SLH,269
2022,48,HAM,206
2022,48,RHP,203
2022,48,SAH,149
2022,48,RHL,124
2022,48,SAA,123
2022,48,BRE,91
2022,48,MVP,90
2022,49,NRW,1128
2022,49,BAW,899
2022,49,BAY,844
2022,49,NIS,815
2022,49,HES,790
2022,49,SAC,526
2022,49,BBB,380
2022,49,THÜ,282
2022,49,SLH,269
2022,49,HAM,206
2022,49,RHP,203
2022,49,SAH,164
2022,49,RHL,124
2022,49,SAA,123
2022,49,BRE,91
2022,49,MVP,88
2022,50,NRW,1128
2022,50,BAW,909
2022,50,BAY,844
2022,50,NIS,815
2022,50,HES,790
2022,50,SAC,528
2022,50,BBB,392
2022,50,THÜ,281
2022,50,SLH,278
2022,50,HAM,206
2022,50,RHP,203
2022,50,SAH,164
2022,50,RHL,124
2022,50,SAA,123
2022,50,BRE,91
2022,50,MVP,88
2022,51,NRW,1129
2022,51,BAW,910
2022,51,BAY,844
2022,51,NIS,815
2022,51,HES,790
2022,51,SAC,528
2022,51,BBB,390
2022,51,THÜ,281
2022,51,SLH,278
2022,51,HAM,206
2022,51,RHP,203
2022,51,SAH,164
2022,51,RHL,124
2022,51,SAA,123
2022,51,MVP,91
2022,51,BRE,91
2022,52,NRW,1129
2022,52,BAW,910
2022,52,BAY,844
2022,52,NIS,815
2022,52,HES,790
2022,52,SAC,528
2022,52,BBB,389
2022,52,THÜ,281
2022,52,SLH,278
2022,52,HAM,206
2022,52,RHP,203
2022,52,SAH,164
2022,52,RHL,124
2022,52,SAA,123
2022,52,MVP,91
2022,52,BRE,91
2023,1,NRW,1009
2023,1,BAW,861
2023,1,BAY,805
2023,1,NIS,756
2023,1,HES,750
2023,1,SAC,496
2023,1,BBB,344
2023,1,THÜ,271
2023,1,SLH,257
2023,1,HAM,198
2023,1,RHP,192
2023,1,SAH,149
2023,1,SAA,116
2023,1,RHL,114
2023,1,BRE,83
2023,1,MVP,82
2023,2,NRW,1008
2023,2,BAW,860
2023,2,BAY,805
2023,2,NIS,757
2023,2,HES,750
2023,2,SAC,496
2023,2,BBB,344
2023,2,THÜ,271
2023,2,SLH,257
2023,2,HAM,198
2023,2,RHP,192
2023,2,SAH,149
2023,2,SAA,116
2023,2,RHL,114
2023,2,BRE,83
2023,2,MVP,82
2023,3,NRW,1003
2023,3,BAW,860
2023,3,BAY,822
2023,3,NIS,757
2023,3,HES,749
2023,3,SAC,499
2023,3,BBB,345
2023,3,THÜ,272
2023,3,SLH,256
2023,3,HAM,199
2023,3,RHP,192
2023,3,SAH,149
2023,3,RHL,121
2023,3,SAA,115
2023,3,BRE,83
2023,3,MVP,82
2023,4,NRW,1002
2023,4,BAW,858
2023,4,BAY,822
2023,4,NIS,789
2023,4,HES,748
2023,4,SAC,499
2023,4,BBB,346
2023,4,THÜ,272
2023,4,SLH,256
2023,4,HAM,200
2023,4,RHP,181
2023,4,SAH,149
2023,4,RHL,121
2023,4,SAA,115
2023,4,BRE,83
2023,4,MVP,82
2023,5,NRW,996
2023,5,BAW,871
2023,5,BAY,822
2023,5,NIS,787
2023,5,HES,732
2023,5,SAC,490
2023,5,BBB,341
2023,5,THÜ,277
2023,5,SLH,256
2023,5,HAM,199
2023,5,RHP,175
2023,5,SAH,148
2023,5,RHL,121
2023,5,SAA,114
2023,5,MVP,83
2023,5,BRE,82
2023,6,NRW,983
2023,6,BAW,870
2023,6,BAY,859
2023,6,NIS,799
2023,6,HES,733
2023,6,SAC,505
2023,6,BBB,341
2023,6,THÜ,277
2023,6,SLH,256
2023,6,RHP,241
2023,6,HAM,199
2023,6,SAH,148
2023,6,RHL,121
2023,6,SAA,116
2023,6,BRE,85
2023,6,MVP,83
2023,7,NRW,983
2023,7,BAW,927
2023,7,BAY,857
2023,7,NIS,803
2023,7,HES,733
2023,7,SAC,505
2023,7,BBB,340
2023,7,SLH,291
2023,7,THÜ,276
2023,7,RHP,241
2023,7,HAM,209
2023,7,SAH,148
2023,7,RHL,121
2023,7,SAA,115
2023,7,BRE,85
2023,7,MVP,83
2023,8,NRW,979
2023,8,BAW,926
2023,8,BAY,850
2023,8,NIS,808
2023,8,HES,733
2023,8,SAC,511
2023,8,BBB,340
2023,8,SLH,291
2023,8,THÜ,276
2023,8,RHP,245
2023,8,HAM,208
2023,8,SAH,147
2023,8,RHL,121
2023,8,SAA,115
2023,8,BRE,85
2023,8,MVP,83
2023,9,NRW,1211
2023,9,BAW,932
2023,9,NIS,852
2023,9,BAY,850
2023,9,HES,733
2023,9,SAC,511
2023,9,BBB,340
2023,9,SLH,286
2023,9,THÜ,276
2023,9,RHP,245
2023,9,HAM,208
2023,9,SAH,147
2023,9,RHL,123
2023,9,SAA,115
2023,9,BRE,88
2023,9,MVP,83
2023,10,NRW,1210
2023,10,BAW,931
2023,10,BAY,872
2023,10,NIS,858
2023,10,HES,742
2023,10,SAC,519
2023,10,BBB,340
2023,10,SLH,286
2023,10,THÜ,283
2023,10,RHP,243
2023,10,HAM,211
2023,10,SAH,163
2023,10,RHL,123
2023,10,SAA,115
2023,10,BRE,88
2023,10,MVP,82
2023,11,NRW,1241
2023,11,BAW,990
2023,11,BAY,912
2023,11,NIS,858
2023,11,HES,765
2023,11,SAC,515
2023,11,BBB,358
2023,11,THÜ,283
2023,11,SLH,278
2023,11,RHP,243
2023,11,HAM,211
2023,11,SAH,161
2023,11,RHL,123
2023,11,SAA,115
2023,11,MVP,95
2023,11,BRE,88
2023,12,NRW,1201
2023,12,BAW,969
2023,12,BAY,909
2023,12,NIS,846
2023,12,HES,763
2023,12,SAC,515
2023,12,BBB,362
2023,12,THÜ,280
2023,12,SLH,278
2023,12,RHP,243
2023,12,HAM,211
2023,12,SAH,162
2023,12,RHL,123
2023,12,SAA,115
2023,12,MVP,95
2023,12,BRE,88
2023,13,NRW,1198
2023,13,BAY,955
2023,13,BAW,953
2023,13,NIS,816
2023,13,HES,789
2023,13,SAC,563
2023,13,BBB,362
2023,13,THÜ,280
2023,13,SLH,278
2023,13,RHP,243
2023,13,HAM,211
2023,13,SAH,161
2023,13,RHL,123
2023,13,SAA,116
2023,13,MVP,95
2023,13,BRE,90
2023,14,NRW,1157
2023,14,BAY,952
2023,14,BAW,941
2023,14,NIS,817
2023,14,HES,776
2023,14,SAC,572
2023,14,BBB,361
2023,14,SLH,280
2023,14,THÜ,277
2023,14,RHP,236
2023,14,HAM,224
2023,14,SAH,161
2023,14,RHL,120
2023,14,SAA,116
2023,14,MVP,95
2023,14,BRE,93
2023,15,NRW,1153
2023,15,BAY,950
2023,15,BAW,941
2023,15,NIS,816
2023,15,HES,776
2023,15,SAC,572
2023,15,BBB,367
2023,15,SLH,280
2023,15,THÜ,277
2023,15,RHP,235
2023,15,HAM,224
2023,15,SAH,161
2023,15,RHL,120
2023,15,SAA,116
2023,15,MVP,95
2023,15,BRE,93
2023,16,NRW,1154
2023,16,BAY,950
2023,16,BAW,941
2023,16,NIS,796
2023,16,HES,750
2023,16,SAC,579
2023,16,BBB,366
2023,16,RHP,308
2023,16,SLH,280
2023,16,THÜ,277
2023,16,HAM,224
2023,16,SAH,161
2023,16,SAA,120
2023,16,RHL,120
2023,16,BRE,99
2023,16,MVP,95
2023,17,NRW,1258
2023,17,BAY,986
2023,17,BAW,938
2023,17,NIS,835
2023,17,HES,750
2023,17,SAC,580
2023,17,BBB,366
2023,17,RHP,308
2023,17,THÜ,281
2023,17,SLH,280
2023,17,HAM,224
2023,17,SAH,198
2023,17,RHL,126
2023,17,SAA,118
2023,17,BRE,99
2023,17,MVP,95
2023,18,NRW,1256
2023,18,BAY,974
2023,18,BAW,940
2023,18,NIS,857
2023,18,HES,775
2023,18,SAC,599
2023,18,BBB,370
2023,18,RHP,309
2023,18,THÜ,281
2023,18,SLH,280
2023,18,HAM,224
2023,18,SAH,198
2023,18,RHL,134
2023,18,SAA,126
2023,18,BRE,99
2023,18,MVP,93
2023,19,NRW,1294
2023,19,BAY,984
2023,19,NIS,962
2023,19,BAW,930
2023,19,HES,777
2023,19,SAC,594
2023,19,BBB,360
2023,19,RHP,310
2023,19,THÜ,285
2023,19,SLH,275
2023,19,HAM,225
2023,19,SAH,198
2023,19,RHL,134
2023,19,SAA,125
2023,19,BRE,116
2023,19,MVP,93
2023,20,NRW,1379
2023,20,BAW,1033
2023,20,BAY,1021
2023,20,NIS,970
2023,20,HES,791
2023,20,SAC,603
2023,20,BBB,379
2023,20,RHP,310
2023,20,THÜ,294
2023,20,SLH,275
2023,20,HAM,225
2023,20,SAH,200
2023,20,RHL,158
2023,20,SAA,125
2023,20,BRE,117
2023,20,MVP,95
2023,21,NRW,1375
2023,21,BAW,1031
2023,21,BAY,1017
2023,21,NIS,970
2023,21,HES,790
2023,21,SAC,603
2023,21,BBB,377
2023,21,RHP,311
2023,21,THÜ,294
2023,21,SLH,275
2023,21,HAM,247
2023,21,SAH,199
2023,21,RHL,152
2023,21,SAA,128
2023,21,BRE,117
2023,21,MVP,95
2023,22,NRW,1338
2023,22,BAW,1031
2023,22,BAY,1015
2023,22,NIS,968
2023,22,HES,788
2023,22,SAC,600
2023,22,BBB,373
2023,22,RHP,311
2023,22,THÜ,294
2023,22,SLH,275
2023,22,HAM,238
2023,22,SAH,199
2023,22,RHL,152
2023,22,SAA,128
2023,22,BRE,117
2023,22,MVP,95
2023,23,NRW,1334
2023,23,BAW,1030
2023,23,BAY,1014
2023,23,NIS,974
2023,23,HES,803
2023,23,SAC,611
2023,23,BBB,382
2023,23,RHP,308
2023,23,THÜ,296
2023,23,SLH,275
2023,23,HAM,238
2023,23,SAH,199
2023,23,RHL,151
2023,23,SAA,134
2023,23,BRE,131
2023,23,MVP,95
2023,24,NRW,1287
2023,24,BAW,1031
2023,24,BAY,1026
2023,24,NIS,952
2023,24,HES,826
2023,24,SAC,624
2023,24,BBB,387
2023,24,RHP,305
2023,24,THÜ,279
2023,24,SLH,275
2023,24,HAM,238
2023,24,SAH,192
2023,24,RHL,151
2023,24,SAA,134
2023,24,BRE,131
2023,24,MVP,95
2023,25,NRW,1346
2023,25,BAW,1030
2023,25,BAY,1026
2023,25,NIS,1015
2023,25,HES,837
2023,25,SAC,624
2023,25,BBB,389
2023,25,RHP,305
2023,25,THÜ,282
2023,25,SLH,277
2023,25,HAM,257
2023,25,SAH,192
2023,25,RHL,151
2023,25,SAA,134
2023,25,BRE,131
2023,25,MVP,95
2023,26,NRW,1355
2023,26,NIS,1036
2023,26,BAW,1032
2023,26,BAY,1024
2023,26,HES,828
2023,26,SAC,622
2023,26,BBB,394
2023,26,RHP,305
2023,26,SLH,277
2023,26,THÜ,265
2023,26,HAM,257
2023,26,SAH,196
2023,26,RHL,151
2023,26,SAA,134
2023,26,BRE,131
2023,26,MVP,95
2023,27,NRW,1354
2023,27,NIS,1050
2023,27,BAY,1044
2023,27,BAW,1028
2023,27,HES,829
2023,27,SAC,610
2023,27,BBB,400
2023,27,RHP,317
2023,27,THÜ,286
2023,27,SLH,272
2023,27,HAM,256
2023,27,SAH,195
2023,27,RHL,152
2023,27,BRE,141
2023,27,SAA,134
2023,27,MVP,101
2023,28,NRW,1352
2023,28,BAY,1044
2023,28,NIS,1029
2023,28,BAW,1029
2023,28,HES,859
2023,28,SAC,598
2023,28,BBB,400
2023,28,SLH,312
2023,28,RHP,293
2023,28,THÜ,285
2023,28,HAM,256
2023,28,SAH,195
2023,28,RHL,152
2023,28,BRE,141
2023,28,SAA,131
2023,28,MVP,101
2023,29,NRW,1352
2023,29,NIS,1031
2023,29,BAW,1030
2023,29,BAY,1019
2023,29,HES,847
2023,29,SAC,596
2023,29,BBB,400
2023,29,SLH,312
2023,29,RHP,292
2023,29,THÜ,285
2023,29,HAM,254
2023,29,SAH,195
2023,29,RHL,152
2023,29,BRE,141
2023,29,SAA,134
2023,29,MVP,101
2023,30,NRW,1354
2023,30,NIS,1030
2023,30,BAW,1030
2023,30,BAY,1024
2023,30,HES,847
2023,30,SAC,596
2023,30,BBB,400
2023,30,SLH,312
2023,30,RHP,292
2023,30,THÜ,285
2023,30,HAM,253
2023,30,SAH,195
2023,30,RHL,152
2023,30,BRE,142
2023,30,SAA,134
2023,30,MVP,101
2023,31,NRW,1351
2023,31,NIS,1031
2023,31,BAW,1030
2023,31,BAY,1020
2023,31,HES,844
2023,31,SAC,596
2023,31,BBB,401
2023,31,SLH,312
2023,31,RHP,292
2023,31,THÜ,285
2023,31,HAM,253
2023,31,SAH,195
2023,31,RHL,153
2023,31,BRE,139
2023,31,SAA,134
2023,31,MVP,101
2023,32,NRW,1351
2023,32,NIS,1031
2023,32,BAW,1028
2023,32,BAY,1021
2023,32,HES,844
2023,32,SAC,596
2023,32,BBB,401
2023,32,SLH,312
2023,32,RHP,292
2023,32,THÜ,285
2023,32,HAM,253
2023,32,SAH,195
2023,32,RHL,153
2023,32,BRE,139
2023,32,SAA,134
2023,32,MVP,101
2023,33,NRW,1443
2023,33,NIS,1031
2023,33,BAW,1028
2023,33,BAY,1021
2023,33,HES,844
2023,33,SAC,596
2023,33,BBB,401
2023,33,SLH,312
2023,33,RHP,292
2023,33,THÜ,285
2023,33,HAM,251
2023,33,SAH,195
2023,33,RHL,153
2023,33,BRE,139
2023,33,SAA,134
2023,33,MVP,101
2023,34,NRW,1475
2023,34,NIS,1032
2023,34,BAW,1028
2023,34,BAY,1021
2023,34,HES,844
2023,34,SAC,596
2023,34,BBB,401
2023,34,SLH,312
2023,34,RHP,292
2023,34,THÜ,285
2023,34,HAM,232
2023,34,SAH,195
2023,34,RHL,153
2023,34,BRE,139
2023,34,SAA,134
2023,34,MVP,101
2023,35,NRW,1475
2023,35,NIS,1030
2023,35,BAW,1028
2023,35,BAY,1021
2023,35,HES,844
2023,35,SAC,596
2023,35,BBB,401
2023,35,SLH,312
2023,35,RHP,292
2023,35,THÜ,285
2023,35,HAM,232
2023,35,SAH,195
2023,35,RHL,153
2023,35,BRE,139
2023,35,SAA,134
2023,35,MVP,101
2023,36,NRW,1424
2023,36,BAW,1028
2023,36,BAY,1021
2023,36,NIS,1018
2023,36,HES,834
2023,36,SAC,593
2023,36,BBB,341
2023,36,SLH,292
2023,36,RHP,289
2023,36,THÜ,270
2023,36,HAM,254
2023,36,SAH,195
2023,36,RHL,154
2023,36,SAA,145
2023,36,BRE,128
2023,36,MVP,101
2023,37,NRW,1501
2023,37,NIS,1028
2023,37,BAW,1028
2023,37,BAY,1020
2023,37,HES,860
2023,37,SAC,613
2023,37,BBB,400
2023,37,THÜ,296
2023,37,RHP,292
2023,37,SLH,283
2023,37,HAM,256
2023,37,SAH,195
2023,37,RHL,154
2023,37,SAA,145
2023,37,BRE,128
2023,37,MVP,101
2023,38,NRW,1501
2023,38,BAW,1058
2023,38,NIS,1019
2023,38,BAY,996
2023,38,HES,865
2023,38,SAC,610
2023,38,BBB,402
2023,38,THÜ,295
2023,38,SLH,292
2023,38,RHP,292
2023,38,HAM,256
2023,38,SAH,213
2023,38,RHL,163
2023,38,SAA,156
2023,38,BRE,128
2023,38,MVP,101
2023,39,NRW,1481
2023,39,BAW,1101
2023,39,NIS,1019
2023,39,BAY,996
2023,39,HES,896
2023,39,SAC,610
2023,39,BBB,404
2023,39,RHP,294
2023,39,THÜ,293
2023,39,SLH,288
2023,39,HAM,251
2023,39,SAH,213
2023,39,RHL,158
2023,39,SAA,141
2023,39,BRE,136
2023,39,MVP,104
2023,40,NRW,1481
2023,40,BAW,1101
2023,40,NIS,1019
2023,40,BAY,994
2023,40,HES,863
2023,40,SAC,611
2023,40,BBB,404
2023,40,RHP,294
2023,40,THÜ,293
2023,40,SLH,288
2023,40,HAM,251
2023,40,SAH,232
2023,40,RHL,158
2023,40,SAA,140
2023,40,BRE,136
2023,40,MVP,97
2023,41,NRW,1481
2023,41,BAW,1101
2023,41,NIS,1021
2023,41,BAY,994
2023,41,HES,863
2023,41,SAC,604
2023,41,BBB,404
2023,41,RHP,294
2023,41,THÜ,289
2023,41,SLH,288
2023,41,HAM,251
2023,41,SAH,228
2023,41,RHL,162
2023,41,SAA,139
2023,41,BRE,136
2023,41,MVP,97
2023,42,NRW,1482
2023,42,BAW,1074
2023,42,NIS,1023
2023,42,BAY,994
2023,42,HES,849
2023,42,SAC,604
2023,42,BBB,404
2023,42,RHP,294
2023,42,THÜ,289
2023,42,SLH,288
2023,42,HAM,250
2023,42,SAH,221
2023,42,RHL,162
2023,42,SAA,139
2023,42,BRE,136
2023,42,MVP,97
2023,43,NRW,1470
2023,43,BAW,1074
2023,43,NIS,1020
2023,43,BAY,993
2023,43,HES,849
2023,43,SAC,622
2023,43,BBB,404
2023,43,RHP,294
2023,43,THÜ,289
2023,43,SLH,288
2023,43,HAM,249
2023,43,SAH,221
2023,43,RHL,162
2023,43,SAA,139
2023,43,BRE,136
2023,43,MVP,106
2023,44,NRW,1469
2023,44,BAW,1099
2023,44,NIS,1042
2023,44,BAY,991
2023,44,HES,844
2023,44,SAC,636
2023,44,BBB,401
2023,44,SLH,303
2023,44,RHP,294
2023,44,THÜ,288
2023,44,HAM,249
2023,44,SAH,221
2023,44,RHL,162
2023,44,SAA,139
2023,44,BRE,137
2023,44,MVP,106
2023,45,NRW,1473
2023,45,BAW,1121
2023,45,NIS,1080
2023,45,BAY,992
2023,45,HES,857
2023,45,SAC,635
2023,45,BBB,407
2023,45,SLH,303
2023,45,RHP,293
2023,45,THÜ,285
2023,45,HAM,249
2023,45,SAH,223
2023,45,RHL,162
2023,45,SAA,139
2023,45,BRE,137
2023,45,MVP,106
2023,46,NRW,1472
2023,46,BAW,1110
2023,46,NIS,1080
2023,46,BAY,977
2023,46,HES,851
2023,46,SAC,642
2023,46,BBB,413
2023,46,THÜ,288
2023,46,RHP,288
2023,46,SLH,275
2023,46,HAM,249
2023,46,SAH,223
2023,46,RHL,162
2023,46,SAA,139
2023,46,BRE,137
2023,46,MVP,108
